,job,company,ssn,residence,current_location,blood_group,website,username,name,sex,address,mail,birthdate
0,Communications engineer,Patel Inc,ZZ554163T,"666 Eileen flats
Hughesview
N6G 9QA","(Decimal('-34.562238'), Decimal('-156.984114'))",AB+,"['http://www.walker-hayes.com/', 'http://stevenson-davies.com/', 'https://www.davies-humphries.com/', 'http://www.spencer.net/']",jessicataylor,Joe Bond-Nixon,F,"411 Harvey ville
Juliaville
S1 2UE",pfletcher@gmail.com,1953-03-03
1,"Engineer, electrical",James-Morgan,ZZ 20 52 77 T,"Flat 2
Jennifer shoal
West Bernard
LE1M 3SG","(Decimal('34.964568'), Decimal('-155.635958'))",A+,"['https://russell.com/', 'https://roberts.com/', 'https://hurst-pollard.com/']",heathercollins,Miss Tina Jones,F,"082 Justin springs
Baileyhaven
KY03 3GJ",newmankelly@hotmail.com,1975-03-05
2,Dramatherapist,Hodgson Inc,ZZ435898T,"286 Greenwood keys
New Amybury
S4F 8QW","(Decimal('-21.202832'), Decimal('91.364970'))",A-,"['https://thomas.net/', 'https://sanders.co.uk/']",luke25,Aaron Oliver,M,"9 James mount
Rhyschester
G5W 8NY",woodderek@outlook.com,1983-04-27
3,"Nurse, adult","Cook, Law and Lloyd",ZZ 443477 T,"Studio 24C
Lee freeway
Finchfurt
TD55 0ND","(Decimal('39.226785'), Decimal('53.461338'))",B-,"['https://thomas.com/', 'https://gardner.com/', 'http://www.johnson.com/', 'http://www.price-wilson.com/']",gail50,Mrs Molly North,F,"Studio 58G
Elliott field
South Danny
W01 2AF",sandratyler@yahoo.com,1920-11-25
4,Animator,Newton Inc,ZZ 64 07 55 T,"Flat 45s
Evans key
Pritchardberg
SP6 7NF","(Decimal('2.134428'), Decimal('149.260396'))",A+,['http://www.davies.info/'],joegriffiths,Mr Derek Burton,F,"977 Cunningham branch
Hughesside
N57 3HN",liamhaynes@hotmail.com,1927-01-23
5,Barrister,"King, Peters and Cooper",ZZ 48 60 65 T,"Studio 7
Peacock squares
Smithview
S6D 2UZ","(Decimal('80.587658'), Decimal('142.758355'))",AB+,"['https://mann.com/', 'https://taylor.com/', 'http://www.duncan.net/', 'http://www.oneill.com/']",elliot65,Kim Robinson,F,"8 Boyle view
Brucechester
B57 7YB",katie76@outlook.com,1910-11-18
6,"Programmer, systems",Russell-Bennett,ZZ 92 00 32 T,"886 Campbell glen
Franceschester
E0 6PG","(Decimal('11.034960'), Decimal('2.510229'))",A+,"['https://obrien.com/', 'https://murphy-young.co.uk/']",trevorroberts,Holly Garner,F,"599 Douglas court
Thomsonborough
BN71 4YF",holliespencer@hotmail.co.uk,1957-03-14
7,Industrial buyer,Bond-Phillips,ZZ 02 64 93 T,"Studio 8
Walker cliff
Ashtonport
L4B 0RD","(Decimal('-78.6552745'), Decimal('-102.501967'))",B+,"['https://www.ryan-swift.net/', 'https://www.noble-morgan.info/', 'http://www.singh.org/', 'http://www.young-roberts.net/']",normangraham,Mrs Emily Conway,M,"Flat 2
Mann harbor
Lake Tracy
B7 5SS",charlene69@yahoo.co.uk,1925-02-13
8,Physiological scientist,Gardiner and Sons,ZZ 26 35 21 T,"338 Elliott radial
South Maureenview
JE4 8NS","(Decimal('62.053897'), Decimal('-152.838151'))",AB+,"['https://www.smith.com/', 'https://www.james.com/', 'https://www.cole-ellis.com/']",stevensalan,Jessica Mitchell-Cole,M,"Flat 44
Smith park
Eleanorton
SY0W 8UA",iqbalzoe@hotmail.com,1962-05-17
9,Building surveyor,French Inc,ZZ 11 90 43 T,"24 Powell roads
Alanbury
TR4R 2DZ","(Decimal('35.6650435'), Decimal('-122.047566'))",O+,['https://www.foster-smith.com/'],tharris,Kayleigh Simpson-Martin,M,"532 Walker prairie
Masonchester
RM7B 1XH",tylercolin@hotmail.com,1916-10-29
10,Financial planner,Williams Inc,ZZ 968028 T,"846 Derek ranch
Patricktown
L4G 4XW","(Decimal('46.368975'), Decimal('157.690632'))",A-,"['http://www.pope.com/', 'http://www.duncan.com/', 'http://www.obrien.com/', 'http://lee.com/']",martinwheeler,Frances Watson,F,"Flat 9
Gregory street
Curtismouth
E53 8NU",davidlee@gmail.com,2009-02-15
11,Pathologist,Whitehead-Higgins,ZZ 11 76 96 T,"Flat 7
Carl forest
West Ronaldburgh
N9G 8AZ","(Decimal('-63.174626'), Decimal('37.240350'))",B-,['http://robinson.com/'],emoore,Lee Taylor,F,"Flat 88M
Hudson terrace
Kellymouth
N0 1YB",terry49@hotmail.com,1992-11-15
12,Psychiatric nurse,"Simpson, Quinn and Smith",ZZ259384T,"741 Jones path
Markview
S32 6AZ","(Decimal('56.456360'), Decimal('-166.782858'))",A-,['https://riley.biz/'],wchapman,Miss Frances Ball,F,"Flat 4
Ruth viaduct
Victoriaborough
N8S 1JH",lynnmurray@hotmail.co.uk,1982-11-28
13,"Scientist, water quality","Scott, Flynn and Parker",ZZ 24 16 21 T,"233 Patel valley
Nicolefurt
M9 8ES","(Decimal('9.6232725'), Decimal('-101.405298'))",AB+,['https://parker.org/'],ruthferguson,Sam Jones,M,"Flat 7
Morgan prairie
Lake Kieranborough
G4S 1QW",marilynwilliams@yahoo.com,1953-01-03
14,Adult guidance worker,McKenzie Group,ZZ 96 13 68 T,"Flat 69L
Riley gardens
Austinmouth
ST3 9PU","(Decimal('13.2739205'), Decimal('95.808320'))",B-,"['http://www.pearson.net/', 'https://davis.co.uk/', 'http://robertson-evans.com/']",nataliejackson,Aimee George,M,"741 Ruth lights
Cliffordmouth
L4C 5UN",johnsonpauline@hotmail.co.uk,2009-10-17
15,"Scientist, research (medical)",Hughes and Sons,ZZ 84 75 56 T,"2 Kim station
Stevensmouth
G3 8SD","(Decimal('-46.324287'), Decimal('-48.180572'))",A-,"['http://morris.com/', 'http://www.atkinson.com/', 'https://cox.com/', 'https://cunningham-williamson.org/']",lesliewhitehead,Harry Clarke,M,"98 Lynn courts
West Jaketon
L2 3AQ",arthur20@outlook.com,2005-01-17
16,Biomedical scientist,Morgan LLC,ZZ 599205 T,"Flat 58
Green wells
Jayneborough
ME3 7UG","(Decimal('33.3303005'), Decimal('161.146671'))",O-,"['http://www.cook.co.uk/', 'http://wright-jones.com/', 'http://moran.net/']",ipeters,Mrs Frances Miller,M,"Flat 56
Murphy cliff
Annaberg
TW7P 0YG",dparsons@hotmail.com,1922-06-02
17,"Teacher, adult education","Palmer, Chapman and Watts",ZZ 78 36 95 T,"Studio 40t
Damian mill
Lake Ruth
DE2W 4NY","(Decimal('-50.231636'), Decimal('-19.873097'))",A-,"['http://reed.info/', 'http://www.taylor.com/', 'http://www.martin-hill.com/', 'http://www.roberts.org/']",smithcraig,Mr Graham Glover,M,"Flat 15p
Jane forks
East Gailton
CV5 6YY",karenhall@yahoo.com,1951-10-04
18,Therapeutic radiographer,Kelly-Kerr,ZZ 943679 T,"10 Griffiths cove
Lake Jonathanside
M4E 0DF","(Decimal('81.3738005'), Decimal('42.776242'))",AB+,"['http://www.dennis-moran.org/', 'https://smith.net/', 'https://evans.biz/', 'https://williamson.biz/']",mathewgardner,Adam Mason,F,"Studio 66G
Williams forks
Hannahmouth
LS47 3HZ",inoble@yahoo.co.uk,1941-08-18
19,"Designer, furniture",Holland and Sons,ZZ 663722 T,"Flat 8
Christopher turnpike
Lawrencehaven
KW1 0GQ","(Decimal('-20.001807'), Decimal('-47.982523'))",O+,"['https://king.org/', 'http://www.griffiths.com/', 'https://www.francis-lewis.co.uk/', 'https://lee.com/']",bparsons,Dr Douglas Thomas,F,"Flat 24
Michelle terrace
Cliffordchester
SW8P 1FY",holtvictor@gmail.com,1995-08-10
20,Claims inspector/assessor,White-Pearson,ZZ356246T,"30 Jacqueline field
South Eleanor
HD13 9AZ","(Decimal('36.9857595'), Decimal('25.507912'))",A+,"['https://mccarthy.com/', 'https://www.hussain.co.uk/', 'https://wood.net/']",spayne,George Nelson,F,"2 Ward fords
New Shannon
PO3 5RW",damiangreen@hotmail.co.uk,1913-10-19
21,Counsellor,Turner-O'Neill,ZZ709003T,"Studio 4
Thomas mount
South Donnamouth
BB2P 2NA","(Decimal('-21.5443185'), Decimal('-0.710520'))",O+,"['https://patel.com/', 'https://www.lee-rogers.com/', 'https://woods-gardner.net/', 'http://www.richardson-gordon.com/']",sam51,Ms Cheryl Owen,F,"Flat 43
Mark pass
Allenfort
HP0H 6FN",andrewskevin@outlook.com,1970-02-02
22,Medical illustrator,Naylor-Brown,ZZ 072704 T,"12 Kay loaf
Gilbertland
G9 0UG","(Decimal('-11.1411135'), Decimal('70.024913'))",B-,['http://www.yates-fisher.com/'],traceypatel,Dr Gary Fry,F,"51 Nicholas ports
Lambhaven
TN32 9BJ",alexander22@yahoo.com,1910-01-22
23,Architectural technologist,Bevan-Collins,ZZ 35 20 70 T,"Studio 50
Kathryn groves
East Hollyshire
N61 5HA","(Decimal('80.135330'), Decimal('78.222779'))",AB+,['http://www.pearson.com/'],tscott,Glenn Ball,M,"Flat 11
Kelly pike
Jenningsberg
LA6 9YX",dwood@hotmail.com,2009-03-21
24,"Social research officer, government",Smith LLC,ZZ235066T,"Flat 63
Ford valley
Robinsonmouth
L3W 0LA","(Decimal('-10.8695955'), Decimal('-78.020217'))",A-,"['http://www.charlton-obrien.com/', 'https://taylor-edwards.org/', 'https://hawkins.co.uk/']",jason88,Abbie Owen,F,"Flat 8
Tracy summit
South Jamesport
W12 2AJ",sammiller@hotmail.co.uk,1947-10-31
25,"Therapist, music","Simpson, O'Brien and Lewis",ZZ475610T,"Studio 10q
Keith circle
New Ashleyhaven
E5 3WT","(Decimal('-68.2273975'), Decimal('142.016920'))",B+,"['https://www.clarke.co.uk/', 'http://www.francis.com/']",bahmed,Ms Gemma Ellis,M,"Flat 81
Jones grove
Lawrenceborough
G69 2AN",doddjoshua@hotmail.co.uk,1914-01-22
26,Diplomatic Services operational officer,Wilson-Morley,ZZ 250818 T,"Studio 04
Sally land
Port Johnland
CV09 2XU","(Decimal('84.985943'), Decimal('80.739796'))",B+,"['https://www.watson-hargreaves.com/', 'http://lawrence.net/', 'http://jones.com/', 'https://johnson.com/']",ibriggs,Harriet Moore,M,"Flat 05c
Gareth oval
Arthurstad
DH5P 0UU",hlees@yahoo.com,2014-01-31
27,Pathologist,"Phillips, Watson and Barton",ZZ 169814 T,"Flat 23p
Smith ranch
Brandonmouth
YO95 0FA","(Decimal('62.536407'), Decimal('-143.762843'))",O+,"['http://thomas.com/', 'http://www.giles.org/', 'https://owen-brown.com/', 'http://whitehead.com/']",archernorman,Hazel Chandler,M,"Flat 12T
Gill forge
Kellyshire
N47 6RP",jacksondylan@yahoo.com,1930-07-21
28,Research scientist (medical),Jones Inc,ZZ908744T,"997 Thompson canyon
East Terryton
N42 9UB","(Decimal('80.8761235'), Decimal('172.503115'))",A-,"['https://newton.com/', 'https://www.clarke.co.uk/', 'http://patterson-parsons.biz/']",schofieldoliver,Jenna Chandler,F,"Studio 52
Oliver ways
East Garethton
DE11 6DP",georgerita@yahoo.co.uk,1910-02-06
29,Higher education careers adviser,Jarvis Ltd,ZZ 95 81 69 T,"Flat 58v
Marie streets
Charlieberg
DN3X 8NQ","(Decimal('-62.630141'), Decimal('9.151922'))",AB-,"['http://begum.co.uk/', 'http://www.smith-morris.com/', 'https://alexander.org/', 'http://www.henry.org/']",katie54,Guy Warner,F,"Studio 4
Buckley islands
Foxmouth
SS37 1NQ",valerieandrews@yahoo.co.uk,1939-07-18
30,Operations geologist,Grant-Austin,ZZ971009T,"Flat 01
Smith port
Port Sally
M0 2SW","(Decimal('-22.927274'), Decimal('90.490817'))",AB-,"['https://oconnor-campbell.com/', 'https://www.brown.info/', 'https://www.williams.biz/', 'https://www.wilson.com/']",katherinelee,Ian Barrett,M,"Studio 99
Davison knolls
Hughmouth
BT1 9LH",hilljosephine@hotmail.co.uk,1929-11-03
31,Community education officer,"Smith, Wright and Davies",ZZ409974T,"Flat 3
Paula expressway
Port Kathryn
GY8 5WX","(Decimal('0.015496'), Decimal('126.286675'))",B-,"['https://faulkner-pope.net/', 'http://marsh-murray.info/', 'http://www.edwards.net/', 'http://www.wyatt.info/']",leemitchell,Roger Murphy-Bird,M,"1 Lindsey coves
Pageborough
OL0 4LS",smithduncan@hotmail.co.uk,1907-01-19
32,Trade mark attorney,Mitchell-Walker,ZZ 46 79 96 T,"Studio 6
Neil courts
Lake Elizabeth
M81 1UA","(Decimal('-79.492425'), Decimal('19.895534'))",B-,"['https://www.wilkinson.co.uk/', 'https://white.com/', 'https://www.martin.info/', 'http://www.smith.com/']",laurendavies,Mohammed Abbott,F,"95 Janet ville
Margaretfurt
G1 2BX",hrobertson@yahoo.co.uk,1965-07-23
33,Chief Technology Officer,Robinson-Jones,ZZ 495732 T,"34 Gareth court
New Lyndabury
W74 0JE","(Decimal('28.587685'), Decimal('42.033284'))",B-,"['http://www.scott-davies.com/', 'http://hill-wong.com/', 'https://patel-chambers.com/']",andreasanderson,Joanne Harrison,M,"95 Jonathan route
South Cameronville
N4H 8SB",johnstoncraig@yahoo.com,1957-01-09
34,Actor,Gordon-Holt,ZZ842474T,"1 Francis forks
Robinhaven
E7G 3RZ","(Decimal('56.708266'), Decimal('15.700103'))",O-,['http://mills-roberts.com/'],justinwilliamson,Matthew Miller-Miller,M,"431 Victoria parks
Leighview
G4W 0RY",marsdenadrian@gmail.com,2017-12-11
35,Careers information officer,"Jones, Harper and Ross",ZZ 56 34 70 T,"Studio 0
Zoe summit
Port Garytown
ZE3 3HQ","(Decimal('52.669879'), Decimal('100.190943'))",B-,"['https://edwards.com/', 'https://cook-ingram.com/', 'http://www.arnold-evans.co.uk/']",kabbott,Callum Fletcher,F,"Flat 35
Cox forks
Catherineville
NE7 1YU",karen90@outlook.com,1982-08-04
36,Psychiatric nurse,Cooke-Wilkinson,ZZ 407258 T,"6 Hunt port
Port Anna
M7K 8TD","(Decimal('46.8021575'), Decimal('24.338497'))",O+,['http://www.dean.com/'],phillipsalice,Terry Johnson,M,"1 Lesley pass
Mollystad
IP5Y 0ZG",mmills@yahoo.co.uk,1993-01-01
37,"Nurse, children's",Baker and Sons,ZZ 981574 T,"74 Jones road
Deanfort
L6 5AE","(Decimal('-60.447599'), Decimal('97.827127'))",O+,"['http://www.hanson.info/', 'http://hughes.com/']",huntdorothy,Louise Fox-Davies,M,"Studio 2
Ian park
New Stuartmouth
OL5 0SN",sfield@yahoo.co.uk,1991-05-14
38,Theatre stage manager,Morley-Gibson,ZZ 427412 T,"Flat 18
Debra square
Nathantown
G92 5AX","(Decimal('39.1857565'), Decimal('-88.666454'))",A-,"['http://little-dean.com/', 'http://wilson.com/', 'https://pearce.org/']",annettetaylor,Judith Henderson,F,"1 Johnson junction
Cliffordstad
B4T 3HJ",mark78@hotmail.com,1987-11-27
39,Product manager,Smith LLC,ZZ719225T,"9 Shah pines
Port Mohammed
E4H 6RN","(Decimal('-71.6367375'), Decimal('138.164477'))",AB+,"['https://www.matthews-rogers.com/', 'https://mann-lloyd.com/']",ojones,Teresa Cooper,M,"Flat 73
Billy curve
Lake Katherine
E0H 0BD",lydia89@yahoo.co.uk,1978-09-11
40,"Psychologist, prison and probation services",Preston PLC,ZZ 201083 T,"28 Marie summit
Lake Traceyfurt
IV1 4HT","(Decimal('83.8131055'), Decimal('6.335360'))",O+,"['https://brown.com/', 'http://www.martin.com/', 'https://www.kerr.com/']",matthewhussain,Stacey Smith,M,"Studio 8
Jones vista
New Carolyn
AB7 7YN",samshort@yahoo.co.uk,1938-06-04
41,Arboriculturist,"Walker, Hunter and Cook",ZZ383130T,"23 Pope club
Baileybury
M2 8XG","(Decimal('81.760693'), Decimal('-63.140713'))",A+,"['https://www.hunter.biz/', 'https://www.griffiths.com/', 'http://www.phillips.net/']",bryantlindsey,Trevor Doyle-Peters,F,"Flat 0
Sandra islands
Bernardburgh
DY75 7LJ",johnsoncarly@hotmail.co.uk,1955-02-21
42,Animator,Williams Ltd,ZZ927304T,"72 Short pine
New Ameliaport
L6 9BW","(Decimal('-3.839649'), Decimal('-177.979562'))",AB+,"['http://www.hayes.com/', 'https://allen-humphries.org/', 'https://moore.com/', 'https://dodd.biz/']",hmacdonald,Alexandra Booth,F,"3 Allen pine
Wilsonstad
LD2V 7DB",jonesjodie@yahoo.com,1942-04-05
43,Heritage manager,"West, Austin and Lewis",ZZ 921999 T,"Flat 78
Lees street
O'Neillstad
SK7A 2LA","(Decimal('-3.7724495'), Decimal('-81.146085'))",B-,"['https://www.thomas.info/', 'https://www.barton.com/', 'http://www.goodwin-moore.com/', 'https://sutton.net/']",kimjohnson,Miss Janet Ward,F,"Flat 80J
Brian lake
Lake Jemma
DL3 0AG",mitchellvictoria@hotmail.com,1925-06-13
44,"Surveyor, building",Begum-Booth,ZZ263944T,"Flat 76C
Harrison mountain
Port Gerardside
W2A 7XZ","(Decimal('-66.8801365'), Decimal('-123.418931'))",A-,['http://www.marsh.com/'],lawrencepatel,Jill Knowles-Barker,F,"959 Williamson island
North Victorport
N0 7ZY",gerardhall@hotmail.co.uk,1967-05-29
45,Market researcher,"Herbert, Ward and Roberts",ZZ 09 71 78 T,"Studio 41g
Heath keys
Lake Olivia
M7 3SY","(Decimal('-9.212415'), Decimal('-157.722905'))",AB+,['http://wright.co.uk/'],lsmart,Jane Patel,F,"8 Adam point
Port Ronaldchester
HD5 3BR",byrnecheryl@hotmail.co.uk,1979-11-08
46,Special effects artist,Singh PLC,ZZ883709T,"Studio 6
Louis stravenue
Gerardchester
N0U 5GJ","(Decimal('-20.6629565'), Decimal('121.759982'))",B+,"['https://marshall-ford.com/', 'http://www.fisher.org/']",dianetaylor,Gregory Baker,M,"6 Evans junction
Lake Kimberley
WC03 5GW",paula80@gmail.com,1958-05-28
47,Chief Marketing Officer,"King, Wilson and Jones",ZZ 310191 T,"Studio 59
Patricia parkways
Pickeringburgh
M7E 3FH","(Decimal('1.4288935'), Decimal('158.347423'))",A-,['http://www.henderson-jackson.com/'],amelia07,Kayleigh Bryant,F,"Studio 6
Beth well
New Alexandra
N8 5GR",laura73@yahoo.co.uk,1911-12-01
48,Stage manager,Walker Group,ZZ 107610 T,"Studio 61j
Josephine harbor
South Mitchellburgh
W5E 0RA","(Decimal('-7.858698'), Decimal('-32.436397'))",AB-,"['https://cooper-campbell.info/', 'https://roberts-turner.com/', 'https://wall.com/', 'http://richardson-hudson.com/']",bennettkieran,Anne Patel,M,"Studio 27Q
Wright extensions
Richardsonton
E0D 6JU",jackprice@hotmail.co.uk,1989-07-19
49,"Conservation officer, nature",Lawson Inc,ZZ 91 04 54 T,"Studio 2
Geraldine meadow
Lake Francescaberg
L0 5QD","(Decimal('62.2295505'), Decimal('-83.089837'))",A+,"['http://booth-adams.org/', 'https://www.jones.info/', 'http://www.booth.co.uk/']",leighdavies,Mr Harry Newton,M,"Flat 4
Carolyn run
Hughestown
L4 4GA",rwatkins@outlook.com,1990-02-02
50,Psychiatric nurse,Atkinson-Thomas,ZZ271437T,"Flat 61x
Rita lodge
Alberthaven
S7G 4RX","(Decimal('5.552855'), Decimal('43.746820'))",A+,"['https://www.webster-allen.info/', 'http://www.andrews.info/']",staylor,Bryan Anderson,F,"367 Roger gardens
Smithland
G2A 0LU",ucooper@hotmail.com,1931-02-02
51,Land/geomatics surveyor,"Harris, Stewart and Turner",ZZ983203T,"Flat 2
Lucy flat
South Rebecca
BS07 3WU","(Decimal('17.5238275'), Decimal('128.543024'))",O-,"['https://www.allen-taylor.biz/', 'http://hawkins.com/', 'http://evans.com/', 'http://www.morris-wright.info/']",nknight,Ms Bethany Hart,M,"4 Adam parks
Masonfort
S25 8FE",bentleymelissa@hotmail.com,1980-02-23
52,Aid worker,"Smith, Rhodes and Watts",ZZ 608141 T,"9 Jones overpass
New Gillian
M5E 4HS","(Decimal('-34.049708'), Decimal('133.928393'))",A-,"['http://harrison.biz/', 'https://www.berry.com/']",josephaustin,Marian Taylor,F,"Studio 86
Iqbal path
Lake Karen
M6 6ZQ",pburrows@yahoo.co.uk,1995-09-03
53,Animal technologist,Davey Ltd,ZZ 375863 T,"Studio 71f
Arnold walk
Cherylfort
GL0 4HN","(Decimal('19.9189155'), Decimal('57.675337'))",B-,['http://www.carter-johnson.com/'],olivia85,Rosemary Lee,M,"49 Brown branch
East Angela
L74 1XT",connormitchell@yahoo.co.uk,1981-09-03
54,Clinical cytogeneticist,Anderson-Holloway,ZZ 29 81 79 T,"Studio 7
Martyn shoals
Quinnbury
HA82 0SR","(Decimal('59.6187265'), Decimal('73.428479'))",AB+,"['http://brown-collins.com/', 'https://wells.biz/']",icox,Katie Barry-Godfrey,M,"Flat 98
Doyle squares
North Kim
WR2H 9BX",albert17@gmail.com,1941-06-18
55,Astronomer,Roberts-Dawson,ZZ 54 87 22 T,"Studio 37a
Jeffrey vista
Pamelaport
S0 8WA","(Decimal('33.956841'), Decimal('147.962759'))",A-,"['https://www.lyons.com/', 'http://www.rahman-begum.com/', 'https://www.buckley-carter.biz/']",eclarke,Marion Murray,M,"32 Joanne run
Lake Antony
SL4R 0WB",eleanorhowe@outlook.com,1984-08-19
56,"Education officer, community",Price PLC,ZZ 36 40 73 T,"0 Jean gardens
West Janice
B3T 4WY","(Decimal('25.914393'), Decimal('64.592513'))",A-,"['http://www.kelly-murphy.co.uk/', 'http://www.bennett.net/', 'https://clark.com/']",danderson,Eric Collins,F,"Flat 8
Bartlett manor
Smithville
RM67 9RQ",ellisfrancis@hotmail.co.uk,1930-06-29
57,Petroleum engineer,Williams-Chandler,ZZ 927939 T,"Studio 1
Lesley haven
Perryshire
S47 7XW","(Decimal('-16.8710495'), Decimal('65.693233'))",B+,"['https://www.johnston.org/', 'https://day.org/', 'https://ball.com/']",hawkinsdiana,Colin Evans,M,"584 Webb drive
Scottbury
M72 1QX",xphillips@hotmail.co.uk,1912-02-29
58,"Programme researcher, broadcasting/film/video",O'Donnell-Finch,ZZ 097363 T,"03 Pearce point
South Geraldine
RM3N 1ZB","(Decimal('-11.118995'), Decimal('-131.884164'))",A-,"['http://sykes-taylor.com/', 'https://www.bailey.co.uk/', 'https://www.douglas.org/', 'http://griffiths-pearce.com/']",ldavies,Timothy Davis,F,"52 Graham cliff
West Brucemouth
GY0 9ZL",robsonchloe@yahoo.co.uk,1956-09-27
59,Artist,Cartwright-Miles,ZZ 75 40 17 T,"Studio 39
Adrian road
Gordonland
ML7B 5ED","(Decimal('-89.6032855'), Decimal('165.444387'))",AB+,"['http://cook-harris.com/', 'http://www.roberts.com/', 'https://www.cunningham-baxter.com/']",scollins,Dr Tony Ball,F,"67 Moss branch
West Juliaberg
DL7 1LE",phillip28@outlook.com,1980-12-07
60,Careers adviser,Jenkins Inc,ZZ448760T,"89 Joanna divide
Rogersstad
EN7 3SJ","(Decimal('10.514804'), Decimal('-116.909904'))",A-,"['http://fox.net/', 'https://kaur.com/']",kieranjones,Dr Albert Garner,M,"Studio 12
Abbie via
North Geoffrey
S6 4BB",zkerr@yahoo.co.uk,1941-05-21
61,IT sales professional,"Jones, Barry and Powell",ZZ 79 59 73 T,"817 Howarth springs
Derekborough
NE47 1ZL","(Decimal('-40.934687'), Decimal('-80.895063'))",B-,"['https://www.wilson-yates.info/', 'https://williams.com/']",leonduncan,Ms Eileen Williams,M,"384 Andrea camp
Amyfort
S4B 6QE",nigel57@yahoo.com,1994-11-11
62,"Doctor, hospital","Morris, Campbell and Chapman",ZZ268337T,"Studio 26
Mohammad isle
New Amymouth
BL8 3QG","(Decimal('-43.1603775'), Decimal('-161.341553'))",O+,['https://jones.co.uk/'],nprice,Leah Patel-Young,M,"Studio 9
James brooks
Shortville
G3S 7HD",amber85@yahoo.com,1932-06-21
63,Print production planner,"Green, Johnson and Mason",ZZ538639T,"3 Joan green
Port Robin
FY7V 0TF","(Decimal('4.3686925'), Decimal('-169.440961'))",AB+,"['http://hicks.info/', 'http://www.young.net/']",geraldcox,Paul Smith-Williams,M,"595 Marcus forks
Lake Paulinefurt
B4 0TE",davisclare@hotmail.co.uk,1946-03-22
64,"Surveyor, mining",Pope LLC,ZZ411286T,"096 Bell garden
Port Charles
B8A 6ZX","(Decimal('9.4766755'), Decimal('158.474590'))",O-,"['http://ford.com/', 'https://www.heath.com/', 'http://www.roberts-robertson.biz/', 'https://lewis-nixon.biz/']",cabbott,Craig Begum,F,"Flat 75z
Leah crossing
Arnoldland
N7T 8JL",hughesdenis@hotmail.co.uk,1963-10-03
65,Archivist,Haynes-Howard,ZZ 65 93 64 T,"Studio 65R
Marcus plaza
East Lewis
G6 3AQ","(Decimal('29.6566135'), Decimal('22.849372'))",B-,"['https://green.biz/', 'http://pearce-jones.com/']",bstephens,Graham Allen,F,"Flat 02
Jackson islands
Harristown
HS2M 5YU",lee96@yahoo.com,1987-12-02
66,Magazine features editor,Kirk Ltd,ZZ 431947 T,"Studio 88p
Mohamed locks
Port Matthewtown
DE88 4PR","(Decimal('10.3191975'), Decimal('15.952678'))",A+,['http://doyle.co.uk/'],barryamber,Oliver Kelly,M,"Flat 73Q
Akhtar points
Keithfurt
M1 5SD",melaniesaunders@outlook.com,2002-04-13
67,Chiropractor,"Gray, Harper and Owen",ZZ972195T,"Flat 47R
Abbie heights
Annmouth
E32 3QW","(Decimal('59.680418'), Decimal('-159.837673'))",AB-,"['http://simpson.com/', 'https://www.daly.com/', 'https://king-harris.org/', 'https://www.davis-davies.com/']",megan00,Carl Dunn,F,"4 Boyle rue
South Francescaton
E85 7NZ",scottchristopher@yahoo.co.uk,1953-03-14
68,Production engineer,Cox PLC,ZZ 006153 T,"Flat 77q
Alexander track
New Rachel
SG9 4YW","(Decimal('-71.9301395'), Decimal('-153.156804'))",A+,"['http://www.wilson-bolton.co.uk/', 'http://www.lynch-murray.com/', 'http://www.dickinson.co.uk/', 'https://www.begum-gibbs.com/']",duncanwatson,Christine Powell,M,"39 Lee freeway
Smithhaven
M3 2DE",qcharlton@gmail.com,1972-09-19
69,Early years teacher,"Burgess, Freeman and Cooper",ZZ 344520 T,"6 Charlie point
North Colintown
W1 3XA","(Decimal('26.4026605'), Decimal('31.141026'))",O-,['https://www.richards.org/'],marian14,Keith Turnbull-Taylor,F,"Studio 81t
Reece loop
South Amytown
N38 1NW",kirsty61@hotmail.co.uk,1956-12-31
70,Magazine journalist,Davis-Bennett,ZZ 25 78 00 T,"667 Holland meadows
Mayview
PE9P 4GU","(Decimal('25.948925'), Decimal('4.577539'))",A+,"['http://www.green-summers.com/', 'http://bennett.com/']",victoria61,Ms Gemma Wright,M,"Flat 65
McLean plains
Oliverhaven
G4 6TA",louisejohn@hotmail.co.uk,1989-12-14
71,Translator,Jackson-Turner,ZZ009263T,"398 Pickering turnpike
Stephenton
S4T 8TX","(Decimal('-34.281326'), Decimal('-61.578198'))",B+,"['https://fletcher-watson.biz/', 'http://www.williams.com/', 'http://harvey.com/', 'http://www.weston-cunningham.com/']",nicolekent,Leonard Macdonald,M,"579 Ross hill
West Michaelview
DE3 0QE",ianbuckley@hotmail.com,1965-08-20
72,"Engineer, biomedical",Hewitt Group,ZZ 43 05 85 T,"8 Gerald shore
West Brendaport
TN49 9WP","(Decimal('40.4361455'), Decimal('-152.083785'))",AB+,"['https://www.williams.info/', 'http://www.smith.biz/', 'http://tucker.org/']",hallben,Miss Amanda Brooks,F,"9 West manor
Yvonneborough
TN55 6PY",kieran64@outlook.com,2003-11-14
73,"Teacher, adult education","Foster, Thomas and Watts",ZZ786672T,"Studio 8
Clark row
Paigefort
CR8 0NB","(Decimal('-23.069046'), Decimal('-74.103136'))",O+,"['https://harris-perkins.com/', 'https://www.booth.com/', 'https://www.james.com/', 'https://www.perry-clark.biz/']",michelleheath,Dr Kyle Atkins,M,"Flat 68x
O'Sullivan wall
Woodtown
L4 5ZS",butlerjodie@yahoo.com,1986-04-22
74,Stage manager,"Long, Wilkinson and Davies",ZZ 153367 T,"482 Watkins overpass
Bennettshire
HS1 5RF","(Decimal('-19.8177055'), Decimal('168.207471'))",B+,"['http://nixon.com/', 'http://phillips.com/', 'http://walker-gray.com/']",mohammadking,Miss Carly Holmes,F,"Flat 26
Molly track
North Joanna
EN4 9AD",ellierose@yahoo.co.uk,1982-08-13
75,Print production planner,Jackson and Sons,ZZ 303063 T,"Flat 8
Daniel summit
South Stephenberg
TR79 0TB","(Decimal('-61.4098945'), Decimal('-125.133908'))",AB-,"['https://www.briggs-roberts.com/', 'http://hussain-armstrong.org/']",tom65,Denise Khan-Brown,M,"Flat 6
Damien tunnel
Smithfurt
BB5 3TB",oanderson@outlook.com,1991-03-13
76,Research scientist (maths),Faulkner LLC,ZZ331831T,"29 Gerard port
Port Sharonside
LU3 4RW","(Decimal('75.8694795'), Decimal('-165.417545'))",A-,"['https://taylor.com/', 'https://williams.org/']",dawsonbrian,Terry Davis-Howarth,M,"Studio 72Y
Edwards heights
Cooperland
ML2 6YT",lwells@hotmail.com,1906-05-28
77,Contracting civil engineer,Smith PLC,ZZ 65 40 49 T,"087 Gail row
Sheilafort
BL91 6AZ","(Decimal('23.2482565'), Decimal('120.972884'))",B+,['http://davey.org/'],carolinewhitehouse,Patricia Morris,F,"Flat 96H
Lindsey oval
North Lesley
N8F 9QD",asaunders@yahoo.co.uk,2008-08-22
78,"Designer, industrial/product",Rice PLC,ZZ315754T,"Flat 30
Wood green
South Dominic
E2 5JP","(Decimal('42.3493805'), Decimal('154.338222'))",AB-,"['http://knight.biz/', 'https://www.patterson.biz/', 'http://young.info/']",reidmartin,Hannah Saunders,M,"Studio 5
Thomas park
Griffithston
B6A 6JU",ndennis@hotmail.com,1917-10-06
79,"Development worker, community",Jones-Evans,ZZ 205828 T,"Flat 32
John ridge
Garnerberg
E6 6NN","(Decimal('-14.7182125'), Decimal('-80.928298'))",AB+,"['http://www.pearson.org/', 'http://www.lewis.com/', 'https://parker-davies.com/']",fwest,Eileen Pearson-King,M,"583 Bradley mountain
Moorefurt
RG2R 4BP",michelle06@gmail.com,1925-07-07
80,Lexicographer,Fox-Lloyd,ZZ 07 09 46 T,"Studio 6
Price ferry
West Elizabeth
G2J 1FR","(Decimal('36.239055'), Decimal('-37.986074'))",B-,"['https://kirby.com/', 'https://www.hayward.com/']",russellweston,Joel Metcalfe,M,"Flat 17v
Bethany greens
Port Hannahland
W1 8WS",ian97@yahoo.co.uk,1971-06-17
81,IT technical support officer,Riley-Naylor,ZZ 405364 T,"0 John circles
Nichollschester
S74 9AN","(Decimal('89.3045915'), Decimal('-46.918151'))",AB-,['http://www.conway.com/'],malcolm62,Louise Bates,F,"8 Nash rapids
East Rosieland
W60 4GG",herbertdamian@outlook.com,2004-05-08
82,Land,"Parsons, Matthews and Kent",ZZ 50 16 68 T,"3 Nicholson route
East Mary
L3T 8SQ","(Decimal('55.035945'), Decimal('67.545733'))",O+,['https://goodwin.info/'],ryanjune,Pauline Naylor-Parkin,M,"Studio 2
Dawn skyway
Charleneville
L7 1LL",catherine67@outlook.com,1960-01-23
83,Analytical chemist,"Norman, Kay and Bates",ZZ 710807 T,"2 Barry cliffs
East Denisborough
WA0 5UU","(Decimal('-25.816057'), Decimal('-69.771360'))",AB+,"['https://www.evans-walker.co.uk/', 'https://jackson.com/']",naomibradshaw,Joanne Hale,M,"7 Sara expressway
Fostermouth
M2B 3SQ",frowe@yahoo.com,1943-02-23
84,"Administrator, Civil Service","Ashton, Stewart and Smith",ZZ 657033 T,"1 Glenn drives
Joeside
SL81 8QE","(Decimal('70.716476'), Decimal('5.899279'))",B-,"['https://lee.info/', 'http://www.walsh.com/']",jjenkins,Sandra Johnson,F,"10 Kelly bypass
Hughesberg
CV0 7NB",norriskaren@yahoo.com,1918-07-07
85,"Development worker, community",Lucas-Mitchell,ZZ 580136 T,"Flat 16
Roger glen
Danielleburgh
RG8W 2TF","(Decimal('-42.1027505'), Decimal('117.701435'))",B-,"['https://richards.net/', 'http://martin.co.uk/']",lyndabond,Jessica Jones,F,"828 Nelson highway
Port Amber
DN85 2PF",pooleshannon@outlook.com,1943-06-10
86,"Administrator, arts",Williams-Morgan,ZZ605527T,"4 Dennis lodge
Karenberg
TN5 2PX","(Decimal('-55.0298055'), Decimal('79.762717'))",O-,"['https://edwards-peters.co.uk/', 'http://jones.com/', 'http://stokes-dixon.com/']",zmoore,Dr Timothy Davies,F,"2 Eleanor mountain
Clarkberg
EH9P 6WG",williamstracy@hotmail.com,1999-06-11
87,"Surveyor, hydrographic",Lord-Burke,ZZ 23 82 00 T,"487 Turner club
Brownfurt
AB76 9HF","(Decimal('79.884465'), Decimal('58.925120'))",AB+,"['http://www.walton.net/', 'https://www.davies.biz/', 'https://www.jones.com/']",sylvia90,Mr Carl Carter,F,"00 Dean crest
Wilsonview
N0 4AH",graham09@hotmail.co.uk,1963-04-29
88,"Scientist, water quality",Day-Hughes,ZZ197696T,"4 Paul spur
Rhyschester
DG4 3FE","(Decimal('35.1816375'), Decimal('29.972616'))",B-,"['http://hodgson-hughes.com/', 'http://smith.com/', 'https://www.thornton-ryan.com/']",carrlouise,Rosie White-Short,F,"Flat 4
Margaret pass
Georgeshire
EC7V 9LU",rhys57@yahoo.co.uk,1997-04-09
89,Manufacturing systems engineer,"Hicks, Chapman and Mason",ZZ 66 85 87 T,"24 Foster turnpike
Lake Kellymouth
M3J 1ZL","(Decimal('-13.3753055'), Decimal('-173.309212'))",A-,['http://stevenson.com/'],joanna14,Dr Jodie Law,F,"48 Elliot mall
Holliefort
LL8H 6XQ",linda17@yahoo.co.uk,2004-12-07
90,"Research officer, government",Whitehouse and Sons,ZZ 47 20 74 T,"Studio 73q
Pritchard knoll
Port Ronald
W91 3WE","(Decimal('-73.511341'), Decimal('-48.153226'))",AB+,"['https://nolan.com/', 'http://www.green.org/']",webbleah,Elliot White,F,"Studio 5
Karen curve
Johnborough
M4U 8SU",xthompson@yahoo.co.uk,2013-12-21
91,Purchasing manager,Sanders-Bryant,ZZ054551T,"53 Molly junctions
Mariehaven
G6G 7EX","(Decimal('-16.1039935'), Decimal('-62.484853'))",A-,['http://www.pugh-macdonald.com/'],hallmichael,Mohammed Shaw,M,"Studio 58l
Watts canyon
North Sarahfurt
M7 1PW",ttalbot@yahoo.com,1908-08-18
92,Ambulance person,Elliott-Mason,ZZ 85 04 12 T,"5 Forster knoll
Hopkinschester
E7 9FU","(Decimal('-55.7869895'), Decimal('-31.311723'))",AB+,"['https://www.miles.com/', 'https://begum.org/']",hazelrogers,Graeme Fowler,F,"Flat 27
Porter inlet
West Lucy
SW9Y 9BB",rhysferguson@yahoo.com,1928-10-10
93,Bonds trader,Thomas Group,ZZ 754272 T,"Flat 8
Johnson union
Kirstyburgh
L3 6UU","(Decimal('-19.477697'), Decimal('-56.391084'))",B-,"['http://byrne.info/', 'https://harrison-griffiths.biz/']",greenmarion,Billy Robinson,M,"0 Adams walk
West Gordonmouth
S91 3UR",georginataylor@hotmail.com,2019-09-06
94,"Surveyor, mining",Turner-Webb,ZZ 040451 T,"32 Dorothy turnpike
East Brett
TR0 2RU","(Decimal('-88.7485115'), Decimal('43.343569'))",AB-,"['https://nelson.biz/', 'https://craig-taylor.info/', 'https://jones-cox.com/', 'http://giles-carr.com/']",whitesusan,Francesca Ahmed,M,"625 Talbot shore
East Francesstad
BL3 4AY",jfleming@gmail.com,1945-05-21
95,Music therapist,Thorpe-Taylor,ZZ 54 51 01 T,"Studio 4
Brenda heights
Lake Nicolatown
SO56 2BQ","(Decimal('-33.3149845'), Decimal('-46.796170'))",B+,['http://www.marshall.co.uk/'],dawn33,Pauline Roberts,F,"9 Hamilton estates
New Tracyview
E1F 5BR",armstrongconnor@outlook.com,1934-09-11
96,Science writer,Hall PLC,ZZ 87 50 60 T,"Studio 13
Samantha stream
Stuartmouth
NP72 4ZJ","(Decimal('63.2846075'), Decimal('-110.918801'))",O+,['https://www.alexander.net/'],francescagibbs,Bernard Cook,M,"768 Cooper turnpike
Garyfort
L95 3LT",zwall@hotmail.co.uk,1993-07-06
97,"Editor, commissioning",Jones-Cross,ZZ 99 88 86 T,"Flat 18
Jennings road
Mossport
GL6H 3QE","(Decimal('-2.3885395'), Decimal('130.091844'))",A+,"['http://www.brooks-collins.co.uk/', 'https://davey.biz/', 'http://reynolds.com/']",ronald17,Mr Nigel Jones,F,"Flat 14S
Lynch port
East Ann
B3F 2YT",louis39@gmail.com,1953-10-18
98,"Conservation officer, historic buildings",Blackburn-Bull,ZZ 966265 T,"199 Jane spring
North Megan
OL0 7HJ","(Decimal('72.9070955'), Decimal('-93.620180'))",B-,['http://www.marsh-henderson.net/'],tdale,Dr John Begum,F,"Studio 07X
Kimberley summit
Janetfurt
DL84 2BP",norrisbilly@yahoo.co.uk,1908-02-13
99,Advertising copywriter,Hussain-Smith,ZZ 90 99 15 T,"26 Nigel parkways
South Julia
KY2 8HN","(Decimal('61.2249955'), Decimal('-147.060678'))",O+,"['http://young.biz/', 'https://cox.com/']",oclements,Ms Emily Williams,F,"75 Louise pike
New Naomimouth
N5C 9FP",leongeorge@yahoo.com,1982-01-18
